regionRes,provRes,cityMunRes,provResGeo,cityMunResGeo,regionResGeo
Region VI: Western Visayas,CAPIZ,PRESIDENT ROXAS,Capiz,President Roxas,Western Visayas (Region VI)
Region VIII: Eastern Visayas,LEYTE,TACLOBAN CITY (CAPITAL),Leyte,Tacloban City,Eastern Visayas (Region VIII)
Region VIII: Eastern Visayas,SAMAR (WESTERN SAMAR),CALBAYOG CITY,Samar,Calbayog City,Eastern Visayas (Region VIII)
NCR,NCR,CITY OF MANILA,Metropolitan Manila,Parañaque,Metropolitan Manila
NCR,NCR,CITY OF MARIKINA,Metropolitan Manila,Quezon City,Metropolitan Manila
Region V: Bicol Region,ALBAY,DARAGA (LOCSIN),Albay,Daraga,Bicol Region (Region V)
NCR,NCR,QUEZON CITY,Metropolitan Manila,Quezon City,Metropolitan Manila
Region VI: Western Visayas,ILOILO,ILOILO CITY (CAPITAL),Iloilo,Iloilo City,Western Visayas (Region VI)
Region VI: Western Visayas,ILOILO,SAN ENRIQUE,Iloilo,San Enrique,Western Visayas (Region VI)
Region VI: Western Visayas,NEGROS OCCIDENTAL,BACOLOD CITY (CAPITAL),Negros Occidental,Bacolod City,Western Visayas (Region VI)
NCR,NCR,PASAY CITY,Metropolitan Manila,Quezon City,Metropolitan Manila
Region VII: Central Visayas,CEBU,CEBU CITY (CAPITAL),Cebu,Cebu City,Central Visayas (Region VII)
Region IV-A: CALABARZON,RIZAL,CITY OF ANTIPOLO (CAPITAL),Rizal,Antipolo City,CALABARZON (Region IV-A)
NCR,NCR,CITY OF NAVOTAS,Metropolitan Manila,Quezon City,Metropolitan Manila
Region IV-A: CALABARZON,BATANGAS,LIPA CITY,Batangas,Lipa City,CALABARZON (Region IV-A)
Region VII: Central Visayas,NEGROS ORIENTAL,TAYASAN,Negros Oriental,Tayasan,Central Visayas (Region VII)
NCR,NCR,CITY OF SAN JUAN,Metropolitan Manila,Quezon City,Metropolitan Manila
Region IV-A: CALABARZON,BATANGAS,CUENCA,Batangas,Cuenca,CALABARZON (Region IV-A)
Region VIII: Eastern Visayas,SAMAR (WESTERN SAMAR),JIABONG,Samar,Jiabong,Eastern Visayas (Region VIII)
Region VI: Western Visayas,ILOILO,PAVIA,Iloilo,Pavia,Western Visayas (Region VI)
NCR,NCR,CITY OF VALENZUELA,Metropolitan Manila,Kalookan City,Metropolitan Manila
Region IV-A: CALABARZON,RIZAL,CAINTA,Rizal,Cainta,CALABARZON (Region IV-A)
NCR,NCR,CITY OF PARAÑAQUE,Metropolitan Manila,Quezon City,Metropolitan Manila
Region IV-A: CALABARZON,QUEZON,SARIAYA,Quezon,Sariaya,CALABARZON (Region IV-A)
NCR,NCR,CALOOCAN CITY,Metropolitan Manila,Quezon City,Metropolitan Manila
Region VII: Central Visayas,CEBU,TOLEDO CITY,Cebu,Toledo City,Central Visayas (Region VII)
Region IV-A: CALABARZON,CAVITE,CITY OF GENERAL TRIAS,Cavite,General Trias,CALABARZON (Region IV-A)
Region VII: Central Visayas,CEBU,MINGLANILLA,Cebu,Minglanilla,Central Visayas (Region VII)
Region IV-A: CALABARZON,QUEZON,ATIMONAN,Quezon,Atimonan,CALABARZON (Region IV-A)
NCR,NCR,CITY OF MAKATI,Metropolitan Manila,Quezon City,Metropolitan Manila
Region XI: Davao Region,DAVAO DEL SUR,CITY OF DIGOS (CAPITAL),Davao del Sur,Davao City,Davao Region (Region XI)
Region XI: Davao Region,DAVAO DEL NORTE,ISLAND GARDEN CITY OF SAMAL,Davao Oriental,Lupon,Davao Region (Region XI)
Region IV-A: CALABARZON,LAGUNA,CITY OF BIÑAN,Laguna,Biñan,CALABARZON (Region IV-A)
NCR,NCR,CITY OF LAS PIÑAS,Metropolitan Manila,Quezon City,Metropolitan Manila
Region I: Ilocos Region,ILOCOS SUR,MAGSINGAL,Ilocos Sur,Magsingal,Ilocos Region (Region I)
Region I: Ilocos Region,ILOCOS SUR,NARVACAN,Ilocos Sur,Narvacan,Ilocos Region (Region I)
Region I: Ilocos Region,ILOCOS SUR,CITY OF VIGAN (CAPITAL),Ilocos Sur,Vigan City,Ilocos Region (Region I)
Region I: Ilocos Region,LA UNION,BURGOS,La Union,Burgos,Ilocos Region (Region I)
Region I: Ilocos Region,LA UNION,CITY OF SAN FERNANDO (CAPITAL),La Union,San Fernando City,Ilocos Region (Region I)
Region I: Ilocos Region,PANGASINAN,SAN CARLOS CITY,Pangasinan,San Carlos City,Ilocos Region (Region I)
Region II: Cagayan Valley,CAGAYAN,ALCALA,Cagayan,Alcala,Cagayan Valley (Region II)
Region II: Cagayan Valley,ISABELA,ILAGAN CITY (CAPITAL),Isabela,Ilagan,Cagayan Valley (Region II)
Region III: Central Luzon,BATAAN,BAGAC,Bataan,Bagac,Central Luzon (Region III)
Region III: Central Luzon,BATAAN,LIMAY,Bataan,Limay,Central Luzon (Region III)
Region III: Central Luzon,BATAAN,MARIVELES,Bataan,Mariveles,Central Luzon (Region III)
Region III: Central Luzon,BULACAN,BALIUAG,Bulacan,Baliuag,Central Luzon (Region III)
Region III: Central Luzon,BULACAN,OBANDO,Bulacan,Obando,Central Luzon (Region III)
Region III: Central Luzon,BULACAN,PANDI,Bulacan,Pandi,Central Luzon (Region III)
Region III: Central Luzon,BULACAN,CITY OF SAN JOSE DEL MONTE,Bulacan,San Jose del Monte City,Central Luzon (Region III)
Region III: Central Luzon,NUEVA ECIJA,CABANATUAN CITY,Nueva Ecija,Cabanatuan City,Central Luzon (Region III)
Region III: Central Luzon,PAMPANGA,APALIT,Pampanga,Apalit,Central Luzon (Region III)
Region III: Central Luzon,PAMPANGA,LUBAO,Pampanga,Lubao,Central Luzon (Region III)
Region IV-A: CALABARZON,BATANGAS,BATANGAS CITY (CAPITAL),Batangas,Batangas City,CALABARZON (Region IV-A)
Region IV-A: CALABARZON,BATANGAS,BAUAN,Batangas,Bauan,CALABARZON (Region IV-A)
Region IV-A: CALABARZON,BATANGAS,CALACA,Batangas,Calaca,CALABARZON (Region IV-A)
Region IV-A: CALABARZON,BATANGAS,MALVAR,Batangas,Malvar,CALABARZON (Region IV-A)
Region IV-A: CALABARZON,BATANGAS,NASUGBU,Batangas,Nasugbu,CALABARZON (Region IV-A)
Region IV-A: CALABARZON,BATANGAS,PADRE GARCIA,Batangas,Padre Garcia,CALABARZON (Region IV-A)
Region IV-A: CALABARZON,BATANGAS,SANTA TERESITA,Batangas,Santa Teresita,CALABARZON (Region IV-A)
Region IV-A: CALABARZON,BATANGAS,TAAL,Batangas,Taal,CALABARZON (Region IV-A)
Region IV-A: CALABARZON,CAVITE,BACOOR CITY,Cavite,Bacoor,CALABARZON (Region IV-A)
Region IV-A: CALABARZON,CAVITE,CARMONA,Cavite,Carmona,CALABARZON (Region IV-A)
Region IV-A: CALABARZON,CAVITE,IMUS CITY,Cavite,Cavite City,CALABARZON (Region IV-A)
Region IV-A: CALABARZON,CAVITE,INDANG,Cavite,Indang,CALABARZON (Region IV-A)
Region IV-A: CALABARZON,LAGUNA,CITY OF CALAMBA,Laguna,Calamba City,CALABARZON (Region IV-A)
Region IV-A: CALABARZON,LAGUNA,PANGIL,Laguna,Pangil,CALABARZON (Region IV-A)
Region IV-A: CALABARZON,LAGUNA,PILA,Laguna,Pila,CALABARZON (Region IV-A)
Region IV-A: CALABARZON,LAGUNA,SAN PABLO CITY,Laguna,San Pablo City,CALABARZON (Region IV-A)
Region IV-A: CALABARZON,LAGUNA,CITY OF SAN PEDRO,Laguna,San Pedro,CALABARZON (Region IV-A)
Region IV-A: CALABARZON,LAGUNA,CITY OF SANTA ROSA,Laguna,Santa Rosa City,CALABARZON (Region IV-A)
Region IV-A: CALABARZON,QUEZON,GUMACA,Quezon,Gumaca,CALABARZON (Region IV-A)
Region IV-A: CALABARZON,QUEZON,LOPEZ,Quezon,Lopez,CALABARZON (Region IV-A)
Region IV-A: CALABARZON,RIZAL,BARAS,Rizal,Baras,CALABARZON (Region IV-A)
Region IV-A: CALABARZON,RIZAL,BINANGONAN,Rizal,Binangonan,CALABARZON (Region IV-A)
Region IV-A: CALABARZON,RIZAL,RODRIGUEZ (MONTALBAN),Rizal,Rodriguez,CALABARZON (Region IV-A)
Region IV-A: CALABARZON,RIZAL,MORONG,Rizal,Morong,CALABARZON (Region IV-A)
Region IV-A: CALABARZON,RIZAL,SAN MATEO,Rizal,San Mateo,CALABARZON (Region IV-A)
Region IV-A: CALABARZON,RIZAL,TAYTAY,Rizal,Taytay,CALABARZON (Region IV-A)
Region V: Bicol Region,ALBAY,SANTO DOMINGO (LIBOG),Albay,Santo Domingo,Bicol Region (Region V)
Region V: Bicol Region,MASBATE,CITY OF MASBATE (CAPITAL),Masbate,Masbate City,Bicol Region (Region V)
Region VI: Western Visayas,AKLAN,NUMANCIA,Aklan,Numancia,Western Visayas (Region VI)
Region VI: Western Visayas,ANTIQUE,SAN JOSE (CAPITAL),Antique,San Jose,Western Visayas (Region VI)
Region VI: Western Visayas,CAPIZ,DUMARAO,Capiz,Dumarao,Western Visayas (Region VI)
Region VI: Western Visayas,CAPIZ,JAMINDAN,Capiz,Jamindan,Western Visayas (Region VI)
Region VI: Western Visayas,CAPIZ,PILAR,Capiz,Pilar,Western Visayas (Region VI)
Region VI: Western Visayas,CAPIZ,PONTEVEDRA,Capiz,Pontevedra,Western Visayas (Region VI)
Region VI: Western Visayas,CAPIZ,ROXAS CITY (CAPITAL),Capiz,Roxas City,Western Visayas (Region VI)
Region VI: Western Visayas,ILOILO,BAROTAC VIEJO,Iloilo,Barotac Viejo,Western Visayas (Region VI)
Region VI: Western Visayas,ILOILO,BATAD,Iloilo,Batad,Western Visayas (Region VI)
Region VI: Western Visayas,ILOILO,CABATUAN,Iloilo,Cabatuan,Western Visayas (Region VI)
Region VI: Western Visayas,ILOILO,CONCEPCION,Iloilo,Concepcion,Western Visayas (Region VI)
Region VI: Western Visayas,ILOILO,DUMANGAS,Iloilo,Dumangas,Western Visayas (Region VI)
Region VI: Western Visayas,ILOILO,ESTANCIA,Iloilo,Estancia,Western Visayas (Region VI)
Region VI: Western Visayas,ILOILO,LAMBUNAO,Iloilo,Lambunao,Western Visayas (Region VI)
Region VI: Western Visayas,ILOILO,LEGANES,Iloilo,Leganes,Western Visayas (Region VI)
Region VI: Western Visayas,ILOILO,LEMERY,Iloilo,Lemery,Western Visayas (Region VI)
Region VI: Western Visayas,ILOILO,OTON,Iloilo,Oton,Western Visayas (Region VI)
Region VI: Western Visayas,ILOILO,POTOTAN,Iloilo,Pototan,Western Visayas (Region VI)
Region VI: Western Visayas,ILOILO,SAN JOAQUIN,Iloilo,San Joaquin,Western Visayas (Region VI)
Region VI: Western Visayas,ILOILO,SANTA BARBARA,Iloilo,Santa Barbara,Western Visayas (Region VI)
Region VI: Western Visayas,ILOILO,SARA,Iloilo,Sara,Western Visayas (Region VI)
Region VI: Western Visayas,ILOILO,TIGBAUAN,Iloilo,Tigbauan,Western Visayas (Region VI)
Region VI: Western Visayas,NEGROS OCCIDENTAL,BAGO CITY,Negros Occidental,Bago City,Western Visayas (Region VI)
Region VI: Western Visayas,NEGROS OCCIDENTAL,CALATRAVA,Negros Occidental,Calatrava,Western Visayas (Region VI)
Region VI: Western Visayas,NEGROS OCCIDENTAL,CITY OF HIMAMAYLAN,Negros Occidental,Himamaylan City,Western Visayas (Region VI)
Region VI: Western Visayas,GUIMARAS,BUENAVISTA,Guimaras,Buenavista,Western Visayas (Region VI)
Region VI: Western Visayas,GUIMARAS,SIBUNAG,Guimaras,Sibunag,Western Visayas (Region VI)
Region VII: Central Visayas,BOHOL,TAGBILARAN CITY (CAPITAL),Bohol,Tagbilaran City,Central Visayas (Region VII)
Region VII: Central Visayas,CEBU,ALOGUINSAN,Cebu,Aloguinsan,Central Visayas (Region VII)
Region VII: Central Visayas,CEBU,ARGAO,Cebu,Argao,Central Visayas (Region VII)
Region VII: Central Visayas,CEBU,BALAMBAN,Cebu,Balamban,Central Visayas (Region VII)
Region VII: Central Visayas,CEBU,COMPOSTELA,Cebu,Compostela,Central Visayas (Region VII)
Region VII: Central Visayas,CEBU,CONSOLACION,Cebu,Consolacion,Central Visayas (Region VII)
Region VII: Central Visayas,CEBU,DANAO CITY,Cebu,Danao City,Central Visayas (Region VII)
Region VII: Central Visayas,CEBU,DUMANJUG,Cebu,Dumanjug,Central Visayas (Region VII)
Region VII: Central Visayas,CEBU,LAPU-LAPU CITY (OPON),Cebu,Lapu-Lapu City,Central Visayas (Region VII)
Region VII: Central Visayas,CEBU,LILOAN,Cebu,Liloan,Central Visayas (Region VII)
Region VII: Central Visayas,CEBU,MANDAUE CITY,Cebu,Mandaue City,Central Visayas (Region VII)
Region VII: Central Visayas,CEBU,CITY OF NAGA,Cebu,Cebu City,Central Visayas (Region VII)
Region VII: Central Visayas,CEBU,CITY OF TALISAY,Cebu,Talisay City,Central Visayas (Region VII)
Region VII: Central Visayas,NEGROS ORIENTAL,SIBULAN,Negros Oriental,Sibulan,Central Visayas (Region VII)
Region VIII: Eastern Visayas,EASTERN SAMAR,CITY OF BORONGAN (CAPITAL),Eastern Samar,Borongan City,Eastern Visayas (Region VIII)
Region VIII: Eastern Visayas,LEYTE,ABUYOG,Leyte,Abuyog,Eastern Visayas (Region VIII)
Region VIII: Eastern Visayas,LEYTE,ALANGALANG,Leyte,Alangalang,Eastern Visayas (Region VIII)
Region VIII: Eastern Visayas,LEYTE,ALBUERA,Leyte,Albuera,Eastern Visayas (Region VIII)
Region VIII: Eastern Visayas,LEYTE,BABATNGON,Leyte,Babatngon,Eastern Visayas (Region VIII)
Region VIII: Eastern Visayas,LEYTE,BURAUEN,Leyte,Burauen,Eastern Visayas (Region VIII)
Region VIII: Eastern Visayas,LEYTE,CAPOOCAN,Leyte,Capoocan,Eastern Visayas (Region VIII)
Region VIII: Eastern Visayas,LEYTE,CARIGARA,Leyte,Carigara,Eastern Visayas (Region VIII)
Region VIII: Eastern Visayas,LEYTE,DULAG,Leyte,Dulag,Eastern Visayas (Region VIII)
Region VIII: Eastern Visayas,LEYTE,KANANGA,Leyte,Kananga,Eastern Visayas (Region VIII)
Region VIII: Eastern Visayas,LEYTE,LEYTE,Leyte,Leyte,Eastern Visayas (Region VIII)
Region VIII: Eastern Visayas,LEYTE,MACARTHUR,Leyte,Macarthur,Eastern Visayas (Region VIII)
Region VIII: Eastern Visayas,LEYTE,MATAG-OB,Leyte,Matag-Ob,Eastern Visayas (Region VIII)
Region VIII: Eastern Visayas,LEYTE,MAYORGA,Leyte,Mayorga,Eastern Visayas (Region VIII)
Region VIII: Eastern Visayas,LEYTE,MERIDA,Leyte,Merida,Eastern Visayas (Region VIII)
Region VIII: Eastern Visayas,LEYTE,ORMOC CITY,Leyte,Ormoc City,Eastern Visayas (Region VIII)
Region VIII: Eastern Visayas,LEYTE,PALO,Leyte,Palo,Eastern Visayas (Region VIII)
Region VIII: Eastern Visayas,LEYTE,PALOMPON,Leyte,Palompon,Eastern Visayas (Region VIII)
Region VIII: Eastern Visayas,LEYTE,TABANGO,Leyte,Tabango,Eastern Visayas (Region VIII)
Region VIII: Eastern Visayas,LEYTE,TABONTABON,Leyte,Tabontabon,Eastern Visayas (Region VIII)
Region VIII: Eastern Visayas,LEYTE,TOLOSA,Leyte,Tolosa,Eastern Visayas (Region VIII)
Region VIII: Eastern Visayas,LEYTE,VILLABA,Leyte,Villaba,Eastern Visayas (Region VIII)
Region VIII: Eastern Visayas,NORTHERN SAMAR,ALLEN,Northern Samar,Allen,Eastern Visayas (Region VIII)
Region VIII: Eastern Visayas,NORTHERN SAMAR,MONDRAGON,Northern Samar,Mondragon,Eastern Visayas (Region VIII)
Region VIII: Eastern Visayas,NORTHERN SAMAR,SAN ROQUE,Northern Samar,San Roque,Eastern Visayas (Region VIII)
Region VIII: Eastern Visayas,SAMAR (WESTERN SAMAR),CITY OF CATBALOGAN (CAPITAL),Samar,Talalora,Eastern Visayas (Region VIII)
Region VIII: Eastern Visayas,SAMAR (WESTERN SAMAR),PINABACDAO,Samar,Pinabacdao,Eastern Visayas (Region VIII)
Region VIII: Eastern Visayas,SOUTHERN LEYTE,SOGOD,Southern Leyte,Sogod,Eastern Visayas (Region VIII)
Region IX: Zamboanga Peninsula,ZAMBOANGA DEL SUR,ZAMBOANGA CITY,Zamboanga del Sur,Zamboanga City,Zamboanga Peninsula (Region IX)
Region IX: Zamboanga Peninsula,ZAMBOANGA SIBUGAY,MALANGAS,Zamboanga Sibugay,Malangas,Zamboanga Peninsula (Region IX)
Region X: Northern Mindanao,LANAO DEL NORTE,ILIGAN CITY,Lanao del Norte,Iligan City,Northern Mindanao (Region X)
Region X: Northern Mindanao,LANAO DEL NORTE,MAIGO,Lanao del Norte,Maigo,Northern Mindanao (Region X)
Region X: Northern Mindanao,MISAMIS ORIENTAL,CAGAYAN DE ORO CITY (CAPITAL),Misamis Oriental,Cagayan de Oro City,Northern Mindanao (Region X)
Region XI: Davao Region,DAVAO DEL NORTE,ASUNCION (SAUG),Davao del Norte,Asuncion,Davao Region (Region XI)
Region XI: Davao Region,DAVAO DEL NORTE,CARMEN,Davao del Norte,Carmen,Davao Region (Region XI)
Region XI: Davao Region,DAVAO DEL NORTE,BRAULIO E. DUJALI,Davao del Norte,Braulio E. Dujali,Davao Region (Region XI)
Region XI: Davao Region,DAVAO DEL NORTE,SAN ISIDRO,Davao del Norte,San Isidro,Davao Region (Region XI)
Region XI: Davao Region,DAVAO DEL SUR,DAVAO CITY,Davao del Sur,Davao City,Davao Region (Region XI)
Region XI: Davao Region,DAVAO DEL SUR,SANTA CRUZ,Davao del Sur,Santa Cruz,Davao Region (Region XI)
Region XI: Davao Region,DAVAO ORIENTAL,GOVERNOR GENEROSO,Davao Oriental,Governor Generoso,Davao Region (Region XI)
Region XI: Davao Region,DAVAO ORIENTAL,CITY OF MATI (CAPITAL),Davao Oriental,Mati City,Davao Region (Region XI)
Region XI: Davao Region,DAVAO ORIENTAL,SAN ISIDRO,Davao Oriental,San Isidro,Davao Region (Region XI)
Region XII: SOCCSKSARGEN,SOUTH COTABATO,GENERAL SANTOS CITY (DADIANGAS),South Cotabato,General Santos City,SOCCSKSARGEN (Region XII)
Region XII: SOCCSKSARGEN,SOUTH COTABATO,POLOMOLOK,South Cotabato,Polomolok,SOCCSKSARGEN (Region XII)
Region XII: SOCCSKSARGEN,SOUTH COTABATO,SURALLAH,South Cotabato,Surallah,SOCCSKSARGEN (Region XII)
Region XII: SOCCSKSARGEN,SOUTH COTABATO,TUPI,South Cotabato,Tupi,SOCCSKSARGEN (Region XII)
Region XII: SOCCSKSARGEN,SULTAN KUDARAT,CITY OF TACURONG,Sultan Kudarat,Tacurong City,SOCCSKSARGEN (Region XII)
Region XII: SOCCSKSARGEN,SARANGANI,MALAPATAN,Sarangani,Malapatan,SOCCSKSARGEN (Region XII)
NCR,NCR,CITY OF MANDALUYONG,Metropolitan Manila,Mandaluyong,Metropolitan Manila
NCR,NCR,CITY OF PASIG,Metropolitan Manila,Quezon City,Metropolitan Manila
NCR,NCR,CITY OF MALABON,Metropolitan Manila,Quezon City,Metropolitan Manila
NCR,NCR,CITY OF MUNTINLUPA,Metropolitan Manila,Kalookan City,Metropolitan Manila
NCR,NCR,PATEROS,Metropolitan Manila,Pateros,Metropolitan Manila
NCR,NCR,TAGUIG CITY,Metropolitan Manila,Taguig,Metropolitan Manila
CAR,BENGUET,BAGUIO CITY,Benguet,Baguio City,Cordillera Administrative Region (CAR)
CAR,KALINGA,PINUKPUK,Kalinga,Pinukpuk,Cordillera Administrative Region (CAR)
CAR,KALINGA,CITY OF TABUK (CAPITAL),Kalinga,Tabuk City,Cordillera Administrative Region (CAR)
CARAGA,AGUSAN DEL NORTE,BUTUAN CITY (CAPITAL),Agusan del Norte,Butuan City,Caraga (Region XIII)
CARAGA,SURIGAO DEL SUR,LIANGA,Surigao del Sur,Lianga,Caraga (Region XIII)
Region IV-B: MIMAROPA,PALAWAN,TAYTAY,Palawan,Taytay,MIMAROPA (Region IV-B)
Region VI: Western Visayas,NEGROS OCCIDENTAL,SILAY CITY,Negros Occidental,Silay City,Western Visayas (Region VI)
Region IV-A: CALABARZON,RIZAL,ANGONO,Rizal,Angono,CALABARZON (Region IV-A)
Region IV-A: CALABARZON,BATANGAS,SANTO TOMAS,Batangas,Santo Tomas,CALABARZON (Region IV-A)
Region VI: Western Visayas,NEGROS OCCIDENTAL,CITY OF VICTORIAS,Negros Occidental,Victorias City,Western Visayas (Region VI)
BARMM,TAWI-TAWI,SIBUTU,Tawi-Tawi,Sibutu,Autonomous Region of Muslim Mindanao (ARMM)
Region III: Central Luzon,PAMPANGA,ANGELES CITY,Pampanga,Angeles City,Central Luzon (Region III)
Region III: Central Luzon,BATAAN,CITY OF BALANGA (CAPITAL),Bataan,Balanga City,Central Luzon (Region III)
Region IV-A: CALABARZON,BATANGAS,CALATAGAN,Batangas,Calatagan,CALABARZON (Region IV-A)
Region V: Bicol Region,MASBATE,CLAVERIA,Masbate,Claveria,Bicol Region (Region V)
Region IV-A: CALABARZON,CAVITE,CITY OF DASMARIÑAS,Cavite,Cavite City,CALABARZON (Region IV-A)
CAR,BENGUET,KAPANGAN,Benguet,Kapangan,Cordillera Administrative Region (CAR)
Region VII: Central Visayas,CEBU,CITY OF CARCAR,Cebu,Cebu City,Central Visayas (Region VII)
Region VIII: Eastern Visayas,LEYTE,MAHAPLAG,Leyte,Mahaplag,Eastern Visayas (Region VIII)
Region XII: SOCCSKSARGEN,SOUTH COTABATO,CITY OF KORONADAL (CAPITAL),South Cotabato,Koronadal City,SOCCSKSARGEN (Region XII)
Region IV-A: CALABARZON,CAVITE,CAVITE CITY,Cavite,Cavite City,CALABARZON (Region IV-A)
Region X: Northern Mindanao,LANAO DEL NORTE,TUBOD (CAPITAL),Lanao del Norte,Tubod,Northern Mindanao (Region X)
Region VI: Western Visayas,AKLAN,KALIBO (CAPITAL),Aklan,Kalibo,Western Visayas (Region VI)
Region III: Central Luzon,BULACAN,BOCAUE,Bulacan,Bocaue,Central Luzon (Region III)
Region IV-A: CALABARZON,LAGUNA,PAGSANJAN,Laguna,Pagsanjan,CALABARZON (Region IV-A)
Region IV-A: CALABARZON,LAGUNA,LOS BAÑOS,Laguna,Los Baños,CALABARZON (Region IV-A)
Region IV-A: CALABARZON,LAGUNA,LUMBAN,Laguna,Lumban,CALABARZON (Region IV-A)
Region IV-A: CALABARZON,BATANGAS,IBAAN,Batangas,Ibaan,CALABARZON (Region IV-A)
Region II: Cagayan Valley,CAGAYAN,TUGUEGARAO CITY (CAPITAL),Cagayan,Tuguegarao City,Cagayan Valley (Region II)
BARMM,LANAO DEL SUR,SAGUIARAN,Lanao del Sur,Saguiaran,Autonomous Region of Muslim Mindanao (ARMM)
Region II: Cagayan Valley,NUEVA VIZCAYA,SOLANO,Nueva Vizcaya,Solano,Cagayan Valley (Region II)
Region III: Central Luzon,BULACAN,PLARIDEL,Bulacan,Plaridel,Central Luzon (Region III)
Region IV-B: MIMAROPA,ORIENTAL MINDORO,CITY OF CALAPAN (CAPITAL),Oriental Mindoro,Calapan City,MIMAROPA (Region IV-B)
Region III: Central Luzon,BULACAN,CITY OF MEYCAUAYAN,Bulacan,Meycauayan City,Central Luzon (Region III)
Region VI: Western Visayas,NEGROS OCCIDENTAL,SAGAY CITY,Negros Occidental,Sagay City,Western Visayas (Region VI)
CAR,BENGUET,TUBA,Benguet,Tuba,Cordillera Administrative Region (CAR)
Region III: Central Luzon,ZAMBALES,SAN NARCISO,Zambales,San Narciso,Central Luzon (Region III)
Region III: Central Luzon,ZAMBALES,PALAUIG,Zambales,Palauig,Central Luzon (Region III)
Region IV-A: CALABARZON,LAGUNA,NAGCARLAN,Laguna,Nagcarlan,CALABARZON (Region IV-A)
Region VIII: Eastern Visayas,LEYTE,HINDANG,Leyte,Hindang,Eastern Visayas (Region VIII)
Region III: Central Luzon,TARLAC,CONCEPCION,Tarlac,Concepcion,Central Luzon (Region III)
Region IV-A: CALABARZON,CAVITE,GEN. MARIANO ALVAREZ,Cavite,General Mariano Alvarez,CALABARZON (Region IV-A)
CARAGA,AGUSAN DEL SUR,TRENTO,Agusan del Sur,Trento,Caraga (Region XIII)
Region XI: Davao Region,DAVAO DEL NORTE,TALAINGOD,Davao del Norte,Talaingod,Davao Region (Region XI)
Region I: Ilocos Region,ILOCOS NORTE,BADOC,Ilocos Norte,Badoc,Ilocos Region (Region I)
Region I: Ilocos Region,ILOCOS NORTE,PASUQUIN,Ilocos Norte,Pasuquin,Ilocos Region (Region I)
Region I: Ilocos Region,ILOCOS NORTE,PIDDIG,Ilocos Norte,Piddig,Ilocos Region (Region I)
Region I: Ilocos Region,ILOCOS NORTE,SAN NICOLAS,Ilocos Norte,San Nicolas,Ilocos Region (Region I)
Region I: Ilocos Region,ILOCOS SUR,SANTO DOMINGO,Ilocos Sur,Santo Domingo,Ilocos Region (Region I)
Region I: Ilocos Region,ILOCOS SUR,TAGUDIN,Ilocos Sur,Tagudin,Ilocos Region (Region I)
Region I: Ilocos Region,LA UNION,AGOO,La Union,Agoo,Ilocos Region (Region I)
Region I: Ilocos Region,LA UNION,BALAOAN,La Union,Balaoan,Ilocos Region (Region I)
Region I: Ilocos Region,LA UNION,BANGAR,La Union,Bangar,Ilocos Region (Region I)
Region I: Ilocos Region,LA UNION,BAUANG,La Union,Bauang,Ilocos Region (Region I)
Region I: Ilocos Region,LA UNION,LUNA,La Union,Luna,Ilocos Region (Region I)
Region I: Ilocos Region,LA UNION,NAGUILIAN,La Union,Naguilian,Ilocos Region (Region I)
Region I: Ilocos Region,LA UNION,TUBAO,La Union,Tubao,Ilocos Region (Region I)
Region I: Ilocos Region,PANGASINAN,ASINGAN,Pangasinan,Asingan,Ilocos Region (Region I)
Region I: Ilocos Region,PANGASINAN,BINMALEY,Pangasinan,Binmaley,Ilocos Region (Region I)
Region I: Ilocos Region,PANGASINAN,BOLINAO,Pangasinan,Bolinao,Ilocos Region (Region I)
Region I: Ilocos Region,PANGASINAN,BUGALLON,Pangasinan,Bugallon,Ilocos Region (Region I)
Region I: Ilocos Region,PANGASINAN,CALASIAO,Pangasinan,Calasiao,Ilocos Region (Region I)
Region I: Ilocos Region,PANGASINAN,DAGUPAN CITY,Pangasinan,Dagupan City,Ilocos Region (Region I)
Region I: Ilocos Region,PANGASINAN,LABRADOR,Pangasinan,Labrador,Ilocos Region (Region I)
Region I: Ilocos Region,PANGASINAN,MANAOAG,Pangasinan,Manaoag,Ilocos Region (Region I)
Region I: Ilocos Region,PANGASINAN,MANGALDAN,Pangasinan,Mangaldan,Ilocos Region (Region I)
Region I: Ilocos Region,PANGASINAN,MAPANDAN,Pangasinan,Mapandan,Ilocos Region (Region I)
Region I: Ilocos Region,PANGASINAN,POZORRUBIO,Pangasinan,Pozzorubio,Ilocos Region (Region I)
Region I: Ilocos Region,PANGASINAN,SANTA BARBARA,Pangasinan,Santa Barbara,Ilocos Region (Region I)
Region I: Ilocos Region,PANGASINAN,SANTO TOMAS,Pangasinan,Santo Tomas,Ilocos Region (Region I)
Region I: Ilocos Region,PANGASINAN,UMINGAN,Pangasinan,Umingan,Ilocos Region (Region I)
Region I: Ilocos Region,PANGASINAN,CITY OF URDANETA,Pangasinan,Urdaneta City,Ilocos Region (Region I)
Region I: Ilocos Region,PANGASINAN,VILLASIS,Pangasinan,Villasis,Ilocos Region (Region I)
Region II: Cagayan Valley,CAGAYAN,BAGGAO,Cagayan,Baggao,Cagayan Valley (Region II)
Region II: Cagayan Valley,CAGAYAN,CAMALANIUGAN,Cagayan,Camalaniugan,Cagayan Valley (Region II)
Region II: Cagayan Valley,CAGAYAN,LAL-LO,Cagayan,Lal-Lo,Cagayan Valley (Region II)
Region II: Cagayan Valley,ISABELA,AURORA,Isabela,Aurora,Cagayan Valley (Region II)
Region II: Cagayan Valley,ISABELA,CABAGAN,Isabela,Cabagan,Cagayan Valley (Region II)
Region II: Cagayan Valley,ISABELA,NAGUILIAN,Isabela,Naguilian,Cagayan Valley (Region II)
Region II: Cagayan Valley,ISABELA,CITY OF SANTIAGO,Isabela,Santiago City,Cagayan Valley (Region II)
Region II: Cagayan Valley,NUEVA VIZCAYA,AMBAGUIO,Nueva Vizcaya,Ambaguio,Cagayan Valley (Region II)
Region II: Cagayan Valley,NUEVA VIZCAYA,ARITAO,Nueva Vizcaya,Aritao,Cagayan Valley (Region II)
Region II: Cagayan Valley,NUEVA VIZCAYA,BAGABAG,Nueva Vizcaya,Bagabag,Cagayan Valley (Region II)
Region II: Cagayan Valley,NUEVA VIZCAYA,BAMBANG,Nueva Vizcaya,Bambang,Cagayan Valley (Region II)
Region II: Cagayan Valley,NUEVA VIZCAYA,BAYOMBONG (CAPITAL),Nueva Vizcaya,Bayombong,Cagayan Valley (Region II)
Region II: Cagayan Valley,QUIRINO,DIFFUN,Quirino,Diffun,Cagayan Valley (Region II)
Region III: Central Luzon,BATAAN,ABUCAY,Bataan,Abucay,Central Luzon (Region III)
Region III: Central Luzon,BATAAN,DINALUPIHAN,Bataan,Dinalupihan,Central Luzon (Region III)
Region III: Central Luzon,BATAAN,MORONG,Bataan,Morong,Central Luzon (Region III)
Region III: Central Luzon,BATAAN,ORANI,Bataan,Orani,Central Luzon (Region III)
Region III: Central Luzon,BATAAN,ORION,Bataan,Orion,Central Luzon (Region III)
Region III: Central Luzon,BATAAN,PILAR,Bataan,Pilar,Central Luzon (Region III)
Region III: Central Luzon,BULACAN,ANGAT,Bulacan,Angat,Central Luzon (Region III)
Region III: Central Luzon,BULACAN,BALAGTAS (BIGAA),Bulacan,Balagtas,Central Luzon (Region III)
Region III: Central Luzon,BULACAN,BULACAN,Bulacan,Bulacan,Central Luzon (Region III)
Region III: Central Luzon,BULACAN,CALUMPIT,Bulacan,Calumpit,Central Luzon (Region III)
Region III: Central Luzon,BULACAN,GUIGUINTO,Bulacan,Guiguinto,Central Luzon (Region III)
Region III: Central Luzon,BULACAN,CITY OF MALOLOS (CAPITAL),Bulacan,Malolos City,Central Luzon (Region III)
Region III: Central Luzon,BULACAN,MARILAO,Bulacan,Marilao,Central Luzon (Region III)
Region III: Central Luzon,BULACAN,NORZAGARAY,Bulacan,Norzagaray,Central Luzon (Region III)
Region III: Central Luzon,BULACAN,PAOMBONG,Bulacan,Paombong,Central Luzon (Region III)
Region III: Central Luzon,BULACAN,PULILAN,Bulacan,Pulilan,Central Luzon (Region III)
Region III: Central Luzon,BULACAN,SAN ILDEFONSO,Bulacan,San Ildefonso,Central Luzon (Region III)
Region III: Central Luzon,BULACAN,SAN RAFAEL,Bulacan,San Rafael,Central Luzon (Region III)
Region III: Central Luzon,BULACAN,SANTA MARIA,Bulacan,Santa Maria,Central Luzon (Region III)
Region III: Central Luzon,BULACAN,DOÑA REMEDIOS TRINIDAD,Bulacan,Doña Remedios Trinidad,Central Luzon (Region III)
Region III: Central Luzon,NUEVA ECIJA,BONGABON,Nueva Ecija,Bongabon,Central Luzon (Region III)
Region III: Central Luzon,NUEVA ECIJA,RIZAL,Nueva Ecija,Rizal,Central Luzon (Region III)
Region III: Central Luzon,NUEVA ECIJA,SANTO DOMINGO,Nueva Ecija,Santo Domingo,Central Luzon (Region III)
Region III: Central Luzon,NUEVA ECIJA,TALAVERA,Nueva Ecija,Talavera,Central Luzon (Region III)
Region III: Central Luzon,PAMPANGA,BACOLOR,Pampanga,Bacolor,Central Luzon (Region III)
Region III: Central Luzon,PAMPANGA,CANDABA,Pampanga,Candaba,Central Luzon (Region III)
Region III: Central Luzon,PAMPANGA,FLORIDABLANCA,Pampanga,Floridablanca,Central Luzon (Region III)
Region III: Central Luzon,PAMPANGA,GUAGUA,Pampanga,Guagua,Central Luzon (Region III)
Region III: Central Luzon,PAMPANGA,MABALACAT CITY,Pampanga,Mabalacat,Central Luzon (Region III)
Region III: Central Luzon,PAMPANGA,MACABEBE,Pampanga,Macabebe,Central Luzon (Region III)
Region III: Central Luzon,PAMPANGA,MAGALANG,Pampanga,Magalang,Central Luzon (Region III)
Region III: Central Luzon,PAMPANGA,MEXICO,Pampanga,Mexico,Central Luzon (Region III)
Region III: Central Luzon,PAMPANGA,PORAC,Pampanga,Porac,Central Luzon (Region III)
Region III: Central Luzon,PAMPANGA,CITY OF SAN FERNANDO (CAPITAL),Pampanga,San Fernando City,Central Luzon (Region III)
Region III: Central Luzon,PAMPANGA,SAN SIMON,Pampanga,San Simon,Central Luzon (Region III)
Region III: Central Luzon,PAMPANGA,SANTA RITA,Pampanga,Santa Rita,Central Luzon (Region III)
Region III: Central Luzon,PAMPANGA,SANTO TOMAS,Pampanga,Santo Tomas,Central Luzon (Region III)
Region III: Central Luzon,TARLAC,BAMBAN,Tarlac,Bamban,Central Luzon (Region III)
Region III: Central Luzon,TARLAC,CAPAS,Tarlac,Capas,Central Luzon (Region III)
Region III: Central Luzon,TARLAC,PURA,Tarlac,Pura,Central Luzon (Region III)
Region III: Central Luzon,TARLAC,SANTA IGNACIA,Tarlac,Santa Ignacia,Central Luzon (Region III)
Region III: Central Luzon,TARLAC,CITY OF TARLAC (CAPITAL),Tarlac,Tarlac City,Central Luzon (Region III)
Region III: Central Luzon,TARLAC,VICTORIA,Tarlac,Victoria,Central Luzon (Region III)
Region III: Central Luzon,ZAMBALES,CASTILLEJOS,Zambales,Castillejos,Central Luzon (Region III)
Region III: Central Luzon,ZAMBALES,MASINLOC,Zambales,Masinloc,Central Luzon (Region III)
Region III: Central Luzon,ZAMBALES,OLONGAPO CITY,Zambales,Olongapo City,Central Luzon (Region III)
Region III: Central Luzon,ZAMBALES,SUBIC,Zambales,Subic,Central Luzon (Region III)
Region III: Central Luzon,AURORA,DIPACULAO,Aurora,Dipaculao,Central Luzon (Region III)
Region IV-A: CALABARZON,BATANGAS,AGONCILLO,Batangas,Agoncillo,CALABARZON (Region IV-A)
Region IV-A: CALABARZON,BATANGAS,ALITAGTAG,Batangas,Alitagtag,CALABARZON (Region IV-A)
Region IV-A: CALABARZON,BATANGAS,BALAYAN,Batangas,Balayan,CALABARZON (Region IV-A)
Region IV-A: CALABARZON,BATANGAS,BALETE,Batangas,Balete,CALABARZON (Region IV-A)
Region IV-A: CALABARZON,BATANGAS,LEMERY,Batangas,Lemery,CALABARZON (Region IV-A)
Region IV-A: CALABARZON,BATANGAS,LIAN,Batangas,Lian,CALABARZON (Region IV-A)
Region IV-A: CALABARZON,BATANGAS,LOBO,Batangas,Lobo,CALABARZON (Region IV-A)
Region IV-A: CALABARZON,BATANGAS,MABINI,Batangas,Mabini,CALABARZON (Region IV-A)
Region IV-A: CALABARZON,BATANGAS,MATAASNAKAHOY,Batangas,Mataas Na Kahoy,CALABARZON (Region IV-A)
Region IV-A: CALABARZON,BATANGAS,ROSARIO,Batangas,Rosario,CALABARZON (Region IV-A)
Region IV-A: CALABARZON,BATANGAS,SAN JOSE,Batangas,San Jose,CALABARZON (Region IV-A)
Region IV-A: CALABARZON,BATANGAS,SAN JUAN,Batangas,San Juan,CALABARZON (Region IV-A)
Region IV-A: CALABARZON,BATANGAS,SAN LUIS,Batangas,San Luis,CALABARZON (Region IV-A)
Region IV-A: CALABARZON,BATANGAS,SAN NICOLAS,Batangas,San Nicolas,CALABARZON (Region IV-A)
Region IV-A: CALABARZON,BATANGAS,SAN PASCUAL,Batangas,San Pascual,CALABARZON (Region IV-A)
Region IV-A: CALABARZON,BATANGAS,TALISAY,Batangas,Talisay,CALABARZON (Region IV-A)
Region IV-A: CALABARZON,BATANGAS,CITY OF TANAUAN,Batangas,Tanauan City,CALABARZON (Region IV-A)
Region IV-A: CALABARZON,BATANGAS,TAYSAN,Batangas,Taysan,CALABARZON (Region IV-A)
Region IV-A: CALABARZON,BATANGAS,TUY,Batangas,Tuy,CALABARZON (Region IV-A)
Region IV-A: CALABARZON,CAVITE,GENERAL EMILIO AGUINALDO,Cavite,General Emilio Aguinaldo,CALABARZON (Region IV-A)
Region IV-A: CALABARZON,CAVITE,KAWIT,Cavite,Kawit,CALABARZON (Region IV-A)
Region IV-A: CALABARZON,CAVITE,MAGALLANES,Cavite,Magallanes,CALABARZON (Region IV-A)
Region IV-A: CALABARZON,CAVITE,MENDEZ (MENDEZ-NUÑEZ),Cavite,Mendez,CALABARZON (Region IV-A)
Region IV-A: CALABARZON,CAVITE,NAIC,Cavite,Naic,CALABARZON (Region IV-A)
Region IV-A: CALABARZON,CAVITE,NOVELETA,Cavite,Noveleta,CALABARZON (Region IV-A)
Region IV-A: CALABARZON,CAVITE,ROSARIO,Cavite,Rosario,CALABARZON (Region IV-A)
Region IV-A: CALABARZON,CAVITE,SILANG,Cavite,Silang,CALABARZON (Region IV-A)
Region IV-A: CALABARZON,CAVITE,TAGAYTAY CITY,Cavite,Tagaytay City,CALABARZON (Region IV-A)
Region IV-A: CALABARZON,CAVITE,TANZA,Cavite,Tanza,CALABARZON (Region IV-A)
Region IV-A: CALABARZON,CAVITE,TERNATE,Cavite,Ternate,CALABARZON (Region IV-A)
Region IV-A: CALABARZON,CAVITE,TRECE MARTIRES CITY (CAPITAL),Cavite,Trece Martires City,CALABARZON (Region IV-A)
Region IV-A: CALABARZON,LAGUNA,ALAMINOS,Laguna,Alaminos,CALABARZON (Region IV-A)
Region IV-A: CALABARZON,LAGUNA,BAY,Laguna,Bay,CALABARZON (Region IV-A)
Region IV-A: CALABARZON,LAGUNA,CABUYAO CITY,Laguna,Cabuyao,CALABARZON (Region IV-A)
Region IV-A: CALABARZON,LAGUNA,CALAUAN,Laguna,Calauan,CALABARZON (Region IV-A)
Region IV-A: CALABARZON,LAGUNA,CAVINTI,Laguna,Cavinti,CALABARZON (Region IV-A)
Region IV-A: CALABARZON,LAGUNA,FAMY,Laguna,Famy,CALABARZON (Region IV-A)
Region IV-A: CALABARZON,LAGUNA,KALAYAAN,Laguna,Kalayaan,CALABARZON (Region IV-A)
Region IV-A: CALABARZON,LAGUNA,LILIW,Laguna,Liliw,CALABARZON (Region IV-A)
Region IV-A: CALABARZON,LAGUNA,LUISIANA,Laguna,Luisiana,CALABARZON (Region IV-A)
Region IV-A: CALABARZON,LAGUNA,MAGDALENA,Laguna,Magdalena,CALABARZON (Region IV-A)
Region IV-A: CALABARZON,LAGUNA,MAJAYJAY,Laguna,Majayjay,CALABARZON (Region IV-A)
Region IV-A: CALABARZON,LAGUNA,PAKIL,Laguna,Pakil,CALABARZON (Region IV-A)
Region IV-A: CALABARZON,LAGUNA,SANTA CRUZ (CAPITAL),Laguna,Santa Cruz,CALABARZON (Region IV-A)
Region IV-A: CALABARZON,LAGUNA,SANTA MARIA,Laguna,Santa Maria,CALABARZON (Region IV-A)
Region IV-A: CALABARZON,LAGUNA,VICTORIA,Laguna,Victoria,CALABARZON (Region IV-A)
Region IV-A: CALABARZON,QUEZON,ALABAT,Quezon,Alabat,CALABARZON (Region IV-A)
Region IV-A: CALABARZON,QUEZON,CALAUAG,Quezon,Calauag,CALABARZON (Region IV-A)
Region IV-A: CALABARZON,QUEZON,CANDELARIA,Quezon,Candelaria,CALABARZON (Region IV-A)
Region IV-A: CALABARZON,QUEZON,DOLORES,Quezon,Dolores,CALABARZON (Region IV-A)
Region IV-A: CALABARZON,QUEZON,GUINAYANGAN,Quezon,Guinayangan,CALABARZON (Region IV-A)
Region IV-A: CALABARZON,QUEZON,INFANTA,Quezon,Infanta,CALABARZON (Region IV-A)
Region IV-A: CALABARZON,QUEZON,LUCBAN,Quezon,Lucban,CALABARZON (Region IV-A)
Region IV-A: CALABARZON,QUEZON,LUCENA CITY (CAPITAL),Quezon,Lucena City,CALABARZON (Region IV-A)
Region IV-A: CALABARZON,QUEZON,MAUBAN,Quezon,Mauban,CALABARZON (Region IV-A)
Region IV-A: CALABARZON,QUEZON,PAGBILAO,Quezon,Pagbilao,CALABARZON (Region IV-A)
Region IV-A: CALABARZON,QUEZON,REAL,Quezon,Real,CALABARZON (Region IV-A)
Region IV-A: CALABARZON,QUEZON,SAN ANTONIO,Quezon,San Antonio,CALABARZON (Region IV-A)
Region IV-A: CALABARZON,QUEZON,CITY OF TAYABAS,Quezon,Tayabas City,CALABARZON (Region IV-A)
Region IV-A: CALABARZON,QUEZON,TIAONG,Quezon,Tiaong,CALABARZON (Region IV-A)
Region IV-A: CALABARZON,RIZAL,TANAY,Rizal,Tanay,CALABARZON (Region IV-A)
Region IV-A: CALABARZON,RIZAL,TERESA,Rizal,Teresa,CALABARZON (Region IV-A)
Region V: Bicol Region,ALBAY,LEGAZPI CITY (CAPITAL),Albay,Legazpi City,Bicol Region (Region V)
Region V: Bicol Region,ALBAY,CITY OF LIGAO,Albay,Ligao City,Bicol Region (Region V)
Region V: Bicol Region,ALBAY,MALINAO,Albay,Malinao,Bicol Region (Region V)
Region V: Bicol Region,CAMARINES SUR,BAAO,Camarines Sur,Baao,Bicol Region (Region V)
Region V: Bicol Region,CAMARINES SUR,CALABANGA,Camarines Sur,Calabanga,Bicol Region (Region V)
Region V: Bicol Region,CAMARINES SUR,CAMALIGAN,Camarines Sur,Camaligan,Bicol Region (Region V)
Region V: Bicol Region,CAMARINES SUR,CANAMAN,Camarines Sur,Canaman,Bicol Region (Region V)
Region V: Bicol Region,CAMARINES SUR,LAGONOY,Camarines Sur,Lagonoy,Bicol Region (Region V)
Region V: Bicol Region,CAMARINES SUR,MAGARAO,Camarines Sur,Magarao,Bicol Region (Region V)
Region V: Bicol Region,CAMARINES SUR,PILI (CAPITAL),Camarines Sur,Pili,Bicol Region (Region V)
Region V: Bicol Region,CAMARINES SUR,SAN FERNANDO,Camarines Sur,San Fernando,Bicol Region (Region V)
Region V: Bicol Region,CAMARINES SUR,SIPOCOT,Camarines Sur,Sipocot,Bicol Region (Region V)
Region V: Bicol Region,SORSOGON,JUBAN,Sorsogon,Juban,Bicol Region (Region V)
Region V: Bicol Region,SORSOGON,CITY OF SORSOGON (CAPITAL),Sorsogon,Sorsogon City,Bicol Region (Region V)
Region VI: Western Visayas,AKLAN,LIBACAO,Aklan,Libacao,Western Visayas (Region VI)
Region VI: Western Visayas,ANTIQUE,SIBALOM,Antique,Sibalom,Western Visayas (Region VI)
Region VI: Western Visayas,CAPIZ,MAMBUSAO,Capiz,Mambusao,Western Visayas (Region VI)
Region VI: Western Visayas,CAPIZ,PANAY,Capiz,Panay,Western Visayas (Region VI)
Region VI: Western Visayas,CAPIZ,PANITAN,Capiz,Panitan,Western Visayas (Region VI)
Region VI: Western Visayas,CAPIZ,TAPAZ,Capiz,Tapaz,Western Visayas (Region VI)
Region VI: Western Visayas,ILOILO,AJUY,Iloilo,Ajuy,Western Visayas (Region VI)
Region VI: Western Visayas,ILOILO,CALINOG,Iloilo,Calinog,Western Visayas (Region VI)
Region VI: Western Visayas,ILOILO,LEON,Iloilo,Leon,Western Visayas (Region VI)
Region VI: Western Visayas,ILOILO,MIAGAO,Iloilo,Miagao,Western Visayas (Region VI)
Region VI: Western Visayas,ILOILO,CITY OF PASSI,Iloilo,Passi City,Western Visayas (Region VI)
Region VI: Western Visayas,NEGROS OCCIDENTAL,BINALBAGAN,Negros Occidental,Binalbagan,Western Visayas (Region VI)
Region VI: Western Visayas,NEGROS OCCIDENTAL,CADIZ CITY,Negros Occidental,Cadiz City,Western Visayas (Region VI)
Region VI: Western Visayas,NEGROS OCCIDENTAL,CAUAYAN,Negros Occidental,Cauayan,Western Visayas (Region VI)
Region VI: Western Visayas,NEGROS OCCIDENTAL,ENRIQUE B. MAGALONA (SARAVIA),Negros Occidental,Enrique B. Magalona,Western Visayas (Region VI)
Region VI: Western Visayas,NEGROS OCCIDENTAL,CITY OF ESCALANTE,Negros Occidental,Escalante City,Western Visayas (Region VI)
Region VI: Western Visayas,NEGROS OCCIDENTAL,HINIGARAN,Negros Occidental,Hinigaran,Western Visayas (Region VI)
Region VI: Western Visayas,NEGROS OCCIDENTAL,CITY OF KABANKALAN,Negros Occidental,Kabankalan City,Western Visayas (Region VI)
Region VI: Western Visayas,NEGROS OCCIDENTAL,LA CARLOTA CITY,Negros Occidental,La Carlota City,Western Visayas (Region VI)
Region VI: Western Visayas,NEGROS OCCIDENTAL,MANAPLA,Negros Occidental,Manapla,Western Visayas (Region VI)
Region VI: Western Visayas,NEGROS OCCIDENTAL,MURCIA,Negros Occidental,Murcia,Western Visayas (Region VI)
Region VI: Western Visayas,NEGROS OCCIDENTAL,PONTEVEDRA,Negros Occidental,Pontevedra,Western Visayas (Region VI)
Region VI: Western Visayas,NEGROS OCCIDENTAL,PULUPANDAN,Negros Occidental,Pulupandan,Western Visayas (Region VI)
Region VI: Western Visayas,NEGROS OCCIDENTAL,SAN ENRIQUE,Negros Occidental,San Enrique,Western Visayas (Region VI)
Region VI: Western Visayas,NEGROS OCCIDENTAL,CITY OF SIPALAY,Negros Occidental,Sipalay City,Western Visayas (Region VI)
Region VI: Western Visayas,NEGROS OCCIDENTAL,CITY OF TALISAY,Negros Occidental,Talisay City,Western Visayas (Region VI)
Region VI: Western Visayas,NEGROS OCCIDENTAL,VALLADOLID,Negros Occidental,Valladolid,Western Visayas (Region VI)
Region VI: Western Visayas,GUIMARAS,SAN LORENZO,Guimaras,San Lorenzo,Western Visayas (Region VI)
Region VII: Central Visayas,BOHOL,ANDA,Bohol,Anda,Central Visayas (Region VII)
Region VII: Central Visayas,BOHOL,BUENAVISTA,Bohol,Buenavista,Central Visayas (Region VII)
Region VII: Central Visayas,BOHOL,CARMEN,Bohol,Carmen,Central Visayas (Region VII)
Region VII: Central Visayas,BOHOL,JAGNA,Bohol,Jagna,Central Visayas (Region VII)
Region VII: Central Visayas,BOHOL,LILA,Bohol,Lila,Central Visayas (Region VII)
Region VII: Central Visayas,BOHOL,SAN MIGUEL,Bohol,San Miguel,Central Visayas (Region VII)
Region VII: Central Visayas,BOHOL,TALIBON,Bohol,Talibon,Central Visayas (Region VII)
Region VII: Central Visayas,BOHOL,TRINIDAD,Bohol,Trinidad,Central Visayas (Region VII)
Region VII: Central Visayas,BOHOL,TUBIGON,Bohol,Tubigon,Central Visayas (Region VII)
Region VII: Central Visayas,CEBU,ALEGRIA,Cebu,Alegria,Central Visayas (Region VII)
Region VII: Central Visayas,CEBU,BANTAYAN,Cebu,Bantayan,Central Visayas (Region VII)
Region VII: Central Visayas,CEBU,BARILI,Cebu,Barili,Central Visayas (Region VII)
Region VII: Central Visayas,CEBU,CITY OF BOGO,Cebu,Cebu City,Central Visayas (Region VII)
Region VII: Central Visayas,CEBU,BOLJOON,Cebu,Boljoon,Central Visayas (Region VII)
Region VII: Central Visayas,CEBU,CARMEN,Cebu,Carmen,Central Visayas (Region VII)
Region VII: Central Visayas,CEBU,CORDOVA,Cebu,Cordoba,Central Visayas (Region VII)
Region VII: Central Visayas,CEBU,DAANBANTAYAN,Cebu,Daanbantayan,Central Visayas (Region VII)
Region VII: Central Visayas,CEBU,GINATILAN,Cebu,Ginatilan,Central Visayas (Region VII)
Region VII: Central Visayas,CEBU,MADRIDEJOS,Cebu,Madridejos,Central Visayas (Region VII)
Region VII: Central Visayas,CEBU,MEDELLIN,Cebu,Medellin,Central Visayas (Region VII)
Region VII: Central Visayas,CEBU,PINAMUNGAHAN,Cebu,Pinamungahan,Central Visayas (Region VII)
Region VII: Central Visayas,CEBU,SAMBOAN,Cebu,Samboan,Central Visayas (Region VII)
Region VII: Central Visayas,CEBU,SAN FERNANDO,Cebu,San Fernando,Central Visayas (Region VII)
Region VII: Central Visayas,CEBU,SAN FRANCISCO,Cebu,San Francisco,Central Visayas (Region VII)
Region VII: Central Visayas,CEBU,SAN REMIGIO,Cebu,San Remigio,Central Visayas (Region VII)
Region VII: Central Visayas,CEBU,SIBONGA,Cebu,Sibonga,Central Visayas (Region VII)
Region VII: Central Visayas,CEBU,SOGOD,Cebu,Sogod,Central Visayas (Region VII)
Region VII: Central Visayas,NEGROS ORIENTAL,AMLAN (AYUQUITAN),Negros Oriental,Amlan,Central Visayas (Region VII)
Region VII: Central Visayas,NEGROS ORIENTAL,AYUNGON,Negros Oriental,Ayungon,Central Visayas (Region VII)
Region VII: Central Visayas,NEGROS ORIENTAL,BACONG,Negros Oriental,Bacong,Central Visayas (Region VII)
Region VII: Central Visayas,NEGROS ORIENTAL,JIMALALUD,Negros Oriental,Jimalalud,Central Visayas (Region VII)
Region VII: Central Visayas,NEGROS ORIENTAL,PAMPLONA,Negros Oriental,Pamplona,Central Visayas (Region VII)
Region VIII: Eastern Visayas,EASTERN SAMAR,GIPORLOS,Eastern Samar,Giporlos,Eastern Visayas (Region VIII)
Region VIII: Eastern Visayas,EASTERN SAMAR,SULAT,Eastern Samar,Sulat,Eastern Visayas (Region VIII)
Region VIII: Eastern Visayas,LEYTE,BARUGO,Leyte,Barugo,Eastern Visayas (Region VIII)
Region VIII: Eastern Visayas,LEYTE,DAGAMI,Leyte,Dagami,Eastern Visayas (Region VIII)
Region VIII: Eastern Visayas,LEYTE,JARO,Leyte,Jaro,Eastern Visayas (Region VIII)
Region VIII: Eastern Visayas,LEYTE,JAVIER (BUGHO),Leyte,Javier,Eastern Visayas (Region VIII)
Region VIII: Eastern Visayas,LEYTE,LA PAZ,Leyte,La Paz,Eastern Visayas (Region VIII)
Region VIII: Eastern Visayas,LEYTE,SANTA FE,Leyte,Santa Fe,Eastern Visayas (Region VIII)
Region VIII: Eastern Visayas,LEYTE,TANAUAN,Leyte,Tanauan,Eastern Visayas (Region VIII)
Region VIII: Eastern Visayas,SAMAR (WESTERN SAMAR),HINABANGAN,Samar,Hinabangan,Eastern Visayas (Region VIII)
Region VIII: Eastern Visayas,SAMAR (WESTERN SAMAR),SANTA MARGARITA,Samar,Santa Margarita,Eastern Visayas (Region VIII)
Region VIII: Eastern Visayas,SAMAR (WESTERN SAMAR),SANTA RITA,Samar,Santa Rita,Eastern Visayas (Region VIII)
Region VIII: Eastern Visayas,SAMAR (WESTERN SAMAR),PARANAS (WRIGHT),Samar,Paranas,Eastern Visayas (Region VIII)
Region VIII: Eastern Visayas,SAMAR (WESTERN SAMAR),SAN JORGE,Samar,San Jorge,Eastern Visayas (Region VIII)
Region VIII: Eastern Visayas,SOUTHERN LEYTE,MACROHON,Southern Leyte,Macrohon,Eastern Visayas (Region VIII)
Region VIII: Eastern Visayas,SOUTHERN LEYTE,SAN FRANCISCO,Southern Leyte,San Francisco,Eastern Visayas (Region VIII)
Region VIII: Eastern Visayas,BILIRAN,CULABA,Biliran,Culaba,Eastern Visayas (Region VIII)
Region VIII: Eastern Visayas,BILIRAN,NAVAL (CAPITAL),Biliran,Naval,Eastern Visayas (Region VIII)
Region IX: Zamboanga Peninsula,ZAMBOANGA DEL NORTE,SIBUCO,Zamboanga del Norte,Sibuco,Zamboanga Peninsula (Region IX)
Region IX: Zamboanga Peninsula,ZAMBOANGA DEL NORTE,SIBUTAD,Zamboanga del Norte,Sibutad,Zamboanga Peninsula (Region IX)
Region IX: Zamboanga Peninsula,ZAMBOANGA DEL SUR,MOLAVE,Zamboanga del Sur,Molave,Zamboanga Peninsula (Region IX)
Region IX: Zamboanga Peninsula,ZAMBOANGA SIBUGAY,TITAY,Zamboanga Sibugay,Titay,Zamboanga Peninsula (Region IX)
Region IX: Zamboanga Peninsula,CITY OF ISABELA (NOT A PROVINCE),CITY OF ISABELA,Zamboanga del Sur,Pagadian City,Zamboanga Peninsula (Region IX)
Region X: Northern Mindanao,BUKIDNON,KADINGILAN,Bukidnon,Kadingilan,Northern Mindanao (Region X)
Region X: Northern Mindanao,BUKIDNON,KITAOTAO,Bukidnon,Kitaotao,Northern Mindanao (Region X)
Region X: Northern Mindanao,BUKIDNON,CITY OF MALAYBALAY (CAPITAL),Bukidnon,Malaybalay City,Northern Mindanao (Region X)
Region X: Northern Mindanao,BUKIDNON,QUEZON,Bukidnon,Quezon,Northern Mindanao (Region X)
Region X: Northern Mindanao,BUKIDNON,TALAKAG,Bukidnon,Talakag,Northern Mindanao (Region X)
Region X: Northern Mindanao,BUKIDNON,CITY OF VALENCIA,Bukidnon,Valencia City,Northern Mindanao (Region X)
Region X: Northern Mindanao,CAMIGUIN,GUINSILIBAN,Camiguin,Guinsiliban,Northern Mindanao (Region X)
Region X: Northern Mindanao,LANAO DEL NORTE,BALOI,Lanao del Norte,Baloi,Northern Mindanao (Region X)
Region X: Northern Mindanao,LANAO DEL NORTE,BAROY,Lanao del Norte,Baroy,Northern Mindanao (Region X)
Region X: Northern Mindanao,LANAO DEL NORTE,KAPATAGAN,Lanao del Norte,Kapatagan,Northern Mindanao (Region X)
Region X: Northern Mindanao,LANAO DEL NORTE,SULTAN NAGA DIMAPORO (KAROMATAN),Lanao del Norte,Sultan Naga Dimaporo,Northern Mindanao (Region X)
Region X: Northern Mindanao,LANAO DEL NORTE,KOLAMBUGAN,Lanao del Norte,Kolambugan,Northern Mindanao (Region X)
Region X: Northern Mindanao,LANAO DEL NORTE,LALA,Lanao del Norte,Lala,Northern Mindanao (Region X)
Region X: Northern Mindanao,LANAO DEL NORTE,LINAMON,Lanao del Norte,Linamon,Northern Mindanao (Region X)
Region X: Northern Mindanao,LANAO DEL NORTE,MAGSAYSAY,Lanao del Norte,Magsaysay,Northern Mindanao (Region X)
Region X: Northern Mindanao,LANAO DEL NORTE,MATUNGAO,Lanao del Norte,Matungao,Northern Mindanao (Region X)
Region X: Northern Mindanao,LANAO DEL NORTE,SAPAD,Lanao del Norte,Sapad,Northern Mindanao (Region X)
Region X: Northern Mindanao,MISAMIS OCCIDENTAL,CLARIN,Misamis Occidental,Clarin,Northern Mindanao (Region X)
Region X: Northern Mindanao,MISAMIS OCCIDENTAL,JIMENEZ,Misamis Occidental,Jimenez,Northern Mindanao (Region X)
Region X: Northern Mindanao,MISAMIS OCCIDENTAL,OZAMIZ CITY,Misamis Occidental,Ozamis City,Northern Mindanao (Region X)
Region X: Northern Mindanao,MISAMIS ORIENTAL,BALINGASAG,Misamis Oriental,Balingasag,Northern Mindanao (Region X)
Region X: Northern Mindanao,MISAMIS ORIENTAL,CITY OF EL SALVADOR,Misamis Oriental,El Salvador City,Northern Mindanao (Region X)
Region X: Northern Mindanao,MISAMIS ORIENTAL,GINGOOG CITY,Misamis Oriental,Gingoog City,Northern Mindanao (Region X)
Region X: Northern Mindanao,MISAMIS ORIENTAL,KINOGUITAN,Misamis Oriental,Kinoguitan,Northern Mindanao (Region X)
Region X: Northern Mindanao,MISAMIS ORIENTAL,LAGUINDINGAN,Misamis Oriental,Laguindingan,Northern Mindanao (Region X)
Region X: Northern Mindanao,MISAMIS ORIENTAL,LIBERTAD,Misamis Oriental,Libertad,Northern Mindanao (Region X)
Region X: Northern Mindanao,MISAMIS ORIENTAL,MANTICAO,Misamis Oriental,Manticao,Northern Mindanao (Region X)
Region X: Northern Mindanao,MISAMIS ORIENTAL,SALAY,Misamis Oriental,Salay,Northern Mindanao (Region X)
Region X: Northern Mindanao,MISAMIS ORIENTAL,TAGOLOAN,Misamis Oriental,Tagoloan,Northern Mindanao (Region X)
Region XI: Davao Region,DAVAO DEL NORTE,KAPALONG,Davao del Norte,Kapalong,Davao Region (Region XI)
Region XI: Davao Region,DAVAO DEL NORTE,SANTO TOMAS,Davao del Norte,Santo Tomas,Davao Region (Region XI)
Region XI: Davao Region,DAVAO DEL NORTE,CITY OF TAGUM (CAPITAL),Davao del Norte,Tagum City,Davao Region (Region XI)
Region XI: Davao Region,DAVAO ORIENTAL,BANAYBANAY,Davao Oriental,Banaybanay,Davao Region (Region XI)
Region XI: Davao Region,DAVAO ORIENTAL,TARRAGONA,Davao Oriental,Tarragona,Davao Region (Region XI)
Region XI: Davao Region,DAVAO DE ORO,MONKAYO,Davao Oriental,Governor Generoso,Davao Region (Region XI)
Region XI: Davao Region,DAVAO DE ORO,NABUNTURAN (CAPITAL),Davao del Norte,Asuncion,Davao Region (Region XI)
Region XI: Davao Region,DAVAO DE ORO,NEW BATAAN,Davao del Sur,Bansalan,Davao Region (Region XI)
Region XI: Davao Region,DAVAO DE ORO,PANTUKAN,Davao Oriental,Governor Generoso,Davao Region (Region XI)
Region XII: SOCCSKSARGEN,COTABATO (NORTH COTABATO),CITY OF KIDAPAWAN (CAPITAL),North Cotabato,Kidapawan City,SOCCSKSARGEN (Region XII)
Region XII: SOCCSKSARGEN,COTABATO (NORTH COTABATO),MIDSAYAP,North Cotabato,Midsayap,SOCCSKSARGEN (Region XII)
Region XII: SOCCSKSARGEN,COTABATO (NORTH COTABATO),ANTIPAS,North Cotabato,Antipas,SOCCSKSARGEN (Region XII)
Region XII: SOCCSKSARGEN,COTABATO (NORTH COTABATO),BANISILAN,North Cotabato,Banisilan,SOCCSKSARGEN (Region XII)
Region XII: SOCCSKSARGEN,SOUTH COTABATO,NORALA,South Cotabato,Norala,SOCCSKSARGEN (Region XII)
Region XII: SOCCSKSARGEN,SOUTH COTABATO,LAKE SEBU,South Cotabato,Lake Sebu,SOCCSKSARGEN (Region XII)
Region XII: SOCCSKSARGEN,SULTAN KUDARAT,ISULAN (CAPITAL),Sultan Kudarat,Isulan,SOCCSKSARGEN (Region XII)
Region XII: SOCCSKSARGEN,SULTAN KUDARAT,LAMBAYONG (MARIANO MARCOS),Sultan Kudarat,Lambayong,SOCCSKSARGEN (Region XII)
Region XII: SOCCSKSARGEN,SULTAN KUDARAT,PALIMBANG,Sultan Kudarat,Palimbang,SOCCSKSARGEN (Region XII)
Region XII: SOCCSKSARGEN,COTABATO CITY (NOT A PROVINCE),COTABATO CITY,South Cotabato,Lake Sebu,SOCCSKSARGEN (Region XII)
CAR,ABRA,LAGANGILANG,Abra,Lagangilang,Cordillera Administrative Region (CAR)
CAR,BENGUET,BOKOD,Benguet,Bokod,Cordillera Administrative Region (CAR)
CAR,BENGUET,BUGUIAS,Benguet,Buguias,Cordillera Administrative Region (CAR)
CAR,BENGUET,ITOGON,Benguet,Itogon,Cordillera Administrative Region (CAR)
CAR,BENGUET,LA TRINIDAD (CAPITAL),Benguet,La Trinidad,Cordillera Administrative Region (CAR)
CAR,KALINGA,PASIL,Kalinga,Pasil,Cordillera Administrative Region (CAR)
CAR,KALINGA,TANUDAN,Kalinga,Tanudan,Cordillera Administrative Region (CAR)
BARMM,LANAO DEL SUR,MARAWI CITY (CAPITAL),Lanao del Sur,Marawi City,Autonomous Region of Muslim Mindanao (ARMM)
BARMM,LANAO DEL SUR,TAMPARAN,Lanao del Sur,Tamparan,Autonomous Region of Muslim Mindanao (ARMM)
BARMM,MAGUINDANAO,DATU ODIN SINSUAT (DINAIG),Maguindanao,Talayan,Autonomous Region of Muslim Mindanao (ARMM)
BARMM,TAWI-TAWI,BONGAO (CAPITAL),Tawi-Tawi,Bongao,Autonomous Region of Muslim Mindanao (ARMM)
CARAGA,AGUSAN DEL NORTE,BUENAVISTA,Agusan del Norte,Buenavista,Caraga (Region XIII)
CARAGA,AGUSAN DEL NORTE,CARMEN,Agusan del Norte,Carmen,Caraga (Region XIII)
CARAGA,AGUSAN DEL SUR,CITY OF BAYUGAN,Agusan del Sur,Bayugan City,Caraga (Region XIII)
CARAGA,SURIGAO DEL SUR,TAGO,Surigao del Sur,Tago,Caraga (Region XIII)
Region IV-B: MIMAROPA,MARINDUQUE,SANTA CRUZ,Marinduque,Santa Cruz,MIMAROPA (Region IV-B)
Region IV-B: MIMAROPA,OCCIDENTAL MINDORO,CALINTAAN,Occidental Mindoro,Calintaan,MIMAROPA (Region IV-B)
Region IV-B: MIMAROPA,ORIENTAL MINDORO,GLORIA,Oriental Mindoro,Gloria,MIMAROPA (Region IV-B)
Region IV-B: MIMAROPA,ORIENTAL MINDORO,MANSALAY,Oriental Mindoro,Mansalay,MIMAROPA (Region IV-B)
Region IV-B: MIMAROPA,ORIENTAL MINDORO,NAUJAN,Oriental Mindoro,Naujan,MIMAROPA (Region IV-B)
Region IV-B: MIMAROPA,ORIENTAL MINDORO,PINAMALAYAN,Oriental Mindoro,Pinamalayan,MIMAROPA (Region IV-B)
Region IV-B: MIMAROPA,ORIENTAL MINDORO,VICTORIA,Oriental Mindoro,Victoria,MIMAROPA (Region IV-B)
Region IV-B: MIMAROPA,PALAWAN,PUERTO PRINCESA CITY (CAPITAL),Palawan,Puerto Princesa City,MIMAROPA (Region IV-B)
Region II: Cagayan Valley,ISABELA,QUEZON,Isabela,Quezon,Cagayan Valley (Region II)
CARAGA,SURIGAO DEL NORTE,TUBOD,Surigao del Norte,Tubod,Caraga (Region XIII)
Region IV-B: MIMAROPA,OCCIDENTAL MINDORO,ABRA DE ILOG,Occidental Mindoro,Abra de Ilog,MIMAROPA (Region IV-B)
Region VII: Central Visayas,NEGROS ORIENTAL,DUMAGUETE CITY (CAPITAL),Negros Oriental,Dumaguete City,Central Visayas (Region VII)
Region IV-B: MIMAROPA,PALAWAN,NARRA,Palawan,Narra,MIMAROPA (Region IV-B)
Region II: Cagayan Valley,ISABELA,RAMON,Isabela,Ramon,Cagayan Valley (Region II)
Region I: Ilocos Region,ILOCOS SUR,SANTA LUCIA,Ilocos Sur,Santa Lucia,Ilocos Region (Region I)
Region I: Ilocos Region,PANGASINAN,BALUNGAO,Pangasinan,Balungao,Ilocos Region (Region I)
Region III: Central Luzon,NUEVA ECIJA,GENERAL TINIO (PAPAYA),Nueva Ecija,General Tinio,Central Luzon (Region III)
Region IV-A: CALABARZON,LAGUNA,PAETE,Laguna,Paete,CALABARZON (Region IV-A)
Region IV-A: CALABARZON,RIZAL,CARDONA,Rizal,Cardona,CALABARZON (Region IV-A)
Region VI: Western Visayas,ILOILO,ZARRAGA,Iloilo,Zarraga,Western Visayas (Region VI)
Region VIII: Eastern Visayas,SAMAR (WESTERN SAMAR),BASEY,Samar,Basey,Eastern Visayas (Region VIII)
Region VIII: Eastern Visayas,SOUTHERN LEYTE,MALITBOG,Southern Leyte,Malitbog,Eastern Visayas (Region VIII)
BARMM,BASILAN,CITY OF LAMITAN (CAPITAL),Basilan,Lamitan City,Autonomous Region of Muslim Mindanao (ARMM)
CARAGA,AGUSAN DEL SUR,ROSARIO,Agusan del Sur,Rosario,Caraga (Region XIII)
Region IV-B: MIMAROPA,MARINDUQUE,MOGPOG,Marinduque,Mogpog,MIMAROPA (Region IV-B)
Region V: Bicol Region,CATANDUANES,VIRAC (CAPITAL),Catanduanes,Virac,Bicol Region (Region V)
Region VI: Western Visayas,NEGROS OCCIDENTAL,ISABELA,Negros Occidental,Isabela,Western Visayas (Region VI)
Region VIII: Eastern Visayas,SOUTHERN LEYTE,LIMASAWA,Southern Leyte,Limasawa,Eastern Visayas (Region VIII)
BARMM,TAWI-TAWI,PANGLIMA SUGALA (BALIMBING),Tawi-Tawi,Panglima Sugala,Autonomous Region of Muslim Mindanao (ARMM)
Region V: Bicol Region,CAMARINES NORTE,JOSE PANGANIBAN,Camarines Norte,Jose Panganiban,Bicol Region (Region V)
Region III: Central Luzon,NUEVA ECIJA,SAN ANTONIO,Nueva Ecija,San Antonio,Central Luzon (Region III)
Region III: Central Luzon,PAMPANGA,MASANTOL,Pampanga,Masantol,Central Luzon (Region III)
Region IV-A: CALABARZON,QUEZON,MULANAY,Quezon,Mulanay,CALABARZON (Region IV-A)
Region VI: Western Visayas,ILOILO,BALASAN,Iloilo,Balasan,Western Visayas (Region VI)
Region VI: Western Visayas,ILOILO,BAROTAC NUEVO,Iloilo,Barotac Nuevo,Western Visayas (Region VI)
Region VI: Western Visayas,NEGROS OCCIDENTAL,SAN CARLOS CITY,Negros Occidental,San Carlos City,Western Visayas (Region VI)
Region VII: Central Visayas,BOHOL,BIEN UNIDO,Bohol,Bien Unido,Central Visayas (Region VII)
Region VII: Central Visayas,CEBU,TUBURAN,Cebu,Tuburan,Central Visayas (Region VII)
Region VII: Central Visayas,SIQUIJOR,LARENA,Siquijor,Larena,Central Visayas (Region VII)
Region VII: Central Visayas,SIQUIJOR,SIQUIJOR (CAPITAL),Siquijor,Siquijor,Central Visayas (Region VII)
Region VIII: Eastern Visayas,LEYTE,HILONGOS,Leyte,Hilongos,Eastern Visayas (Region VIII)
Region V: Bicol Region,ALBAY,BACACAY,Albay,Bacacay,Bicol Region (Region V)
Region VI: Western Visayas,ILOILO,GUIMBAL,Iloilo,Guimbal,Western Visayas (Region VI)
Region I: Ilocos Region,PANGASINAN,NATIVIDAD,Pangasinan,Natividad,Ilocos Region (Region I)
Region V: Bicol Region,ALBAY,CITY OF TABACO,Albay,Tabaco City,Bicol Region (Region V)
Region V: Bicol Region,CAMARINES SUR,CARAMOAN,Camarines Sur,Caramoan,Bicol Region (Region V)
Region V: Bicol Region,CAMARINES SUR,GAINZA,Camarines Sur,Gainza,Bicol Region (Region V)
Region V: Bicol Region,CAMARINES SUR,NAGA CITY,Camarines Sur,Naga City,Bicol Region (Region V)
Region V: Bicol Region,CAMARINES SUR,SAN JOSE,Camarines Sur,San Jose,Bicol Region (Region V)
Region V: Bicol Region,CAMARINES SUR,SIRUMA,Camarines Sur,Siruma,Bicol Region (Region V)
Region VI: Western Visayas,ILOILO,ALIMODIAN,Iloilo,Alimodian,Western Visayas (Region VI)
Region VI: Western Visayas,ILOILO,IGBARAS,Iloilo,Igbaras,Western Visayas (Region VI)
Region III: Central Luzon,BULACAN,HAGONOY,Bulacan,Hagonoy,Central Luzon (Region III)
Region III: Central Luzon,TARLAC,CAMILING,Tarlac,Camiling,Central Luzon (Region III)
Region V: Bicol Region,ALBAY,GUINOBATAN,Albay,Guinobatan,Bicol Region (Region V)
Region IV-A: CALABARZON,CAVITE,AMADEO,Cavite,Amadeo,CALABARZON (Region IV-A)
Region IV-A: CALABARZON,QUEZON,AGDANGAN,Quezon,Agdangan,CALABARZON (Region IV-A)
Region V: Bicol Region,SORSOGON,PILAR,Sorsogon,Pilar,Bicol Region (Region V)
Region VI: Western Visayas,ILOILO,BINGAWAN,Iloilo,Bingawan,Western Visayas (Region VI)
Region VI: Western Visayas,ILOILO,DINGLE,Iloilo,Dingle,Western Visayas (Region VI)
Region VI: Western Visayas,ILOILO,JANIUAY,Iloilo,Janiuay,Western Visayas (Region VI)
Region VI: Western Visayas,NEGROS OCCIDENTAL,MOISES PADILLA (MAGALLON),Negros Occidental,Moises Padilla,Western Visayas (Region VI)
Region VII: Central Visayas,BOHOL,DANAO,Bohol,Danao,Central Visayas (Region VII)
Region VIII: Eastern Visayas,LEYTE,TUNGA,Leyte,Tunga,Eastern Visayas (Region VIII)
Region I: Ilocos Region,PANGASINAN,CITY OF ALAMINOS,Pangasinan,Alaminos City,Ilocos Region (Region I)
Region I: Ilocos Region,PANGASINAN,LINGAYEN (CAPITAL),Pangasinan,Lingayen,Ilocos Region (Region I)
Region III: Central Luzon,BATAAN,SAMAL,Bataan,Samal,Central Luzon (Region III)
Region III: Central Luzon,BULACAN,BUSTOS,Bulacan,Bustos,Central Luzon (Region III)
Region III: Central Luzon,BULACAN,SAN MIGUEL,Bulacan,San Miguel,Central Luzon (Region III)
Region III: Central Luzon,NUEVA ECIJA,LAUR,Nueva Ecija,Laur,Central Luzon (Region III)
Region III: Central Luzon,PAMPANGA,SAN LUIS,Pampanga,San Luis,Central Luzon (Region III)
Region IV-A: CALABARZON,BATANGAS,LAUREL,Batangas,Laurel,CALABARZON (Region IV-A)
Region V: Bicol Region,ALBAY,POLANGUI,Albay,Polangui,Bicol Region (Region V)
Region V: Bicol Region,ALBAY,RAPU-RAPU,Albay,Rapu-Rapu,Bicol Region (Region V)
Region V: Bicol Region,CAMARINES SUR,MILAOR,Camarines Sur,Milaor,Bicol Region (Region V)
Region V: Bicol Region,CATANDUANES,BATO,Catanduanes,Bato,Bicol Region (Region V)
Region V: Bicol Region,SORSOGON,BULUSAN,Sorsogon,Bulusan,Bicol Region (Region V)
Region V: Bicol Region,SORSOGON,CASTILLA,Sorsogon,Castilla,Bicol Region (Region V)
Region VI: Western Visayas,AKLAN,IBAJAY,Aklan,Ibajay,Western Visayas (Region VI)
Region VI: Western Visayas,ILOILO,SAN MIGUEL,Iloilo,San Miguel,Western Visayas (Region VI)
Region VI: Western Visayas,NEGROS OCCIDENTAL,LA CASTELLANA,Negros Occidental,La Castellana,Western Visayas (Region VI)
Region VIII: Eastern Visayas,EASTERN SAMAR,LLORENTE,Eastern Samar,Llorente,Eastern Visayas (Region VIII)
Region VIII: Eastern Visayas,LEYTE,SAN MIGUEL,Leyte,San Miguel,Eastern Visayas (Region VIII)
Region IX: Zamboanga Peninsula,ZAMBOANGA DEL SUR,MAHAYAG,Zamboanga del Sur,Mahayag,Zamboanga Peninsula (Region IX)
Region X: Northern Mindanao,BUKIDNON,IMPASUG-ONG,Bukidnon,Impasug-Ong,Northern Mindanao (Region X)
Region XI: Davao Region,DAVAO DE ORO,COMPOSTELA,Compostela Valley,Compostela,Davao Region (Region XI)
Region XI: Davao Region,DAVAO DE ORO,LAAK (SAN VICENTE),Davao Oriental,Governor Generoso,Davao Region (Region XI)
BARMM,LANAO DEL SUR,WAO,Lanao del Sur,Wao,Autonomous Region of Muslim Mindanao (ARMM)
CARAGA,AGUSAN DEL NORTE,NASIPIT,Agusan del Norte,Nasipit,Caraga (Region XIII)
CARAGA,AGUSAN DEL NORTE,REMEDIOS T. ROMUALDEZ,Agusan del Norte,Remedios T. Romualdez,Caraga (Region XIII)
CARAGA,SURIGAO DEL SUR,CITY OF BISLIG,Surigao del Sur,Bislig City,Caraga (Region XIII)
